accuracy,loss
0.5093509554862976,225.11672973632812
0.528058648109436,26.435043334960938
0.5509001016616821,5.162800312042236
0.5780086517333984,1.99626624584198
0.6004000306129456,1.4705209732055664
