accuracy,loss
0.5181518197059631,0.8188550472259521
0.5852317214012146,0.662736177444458
0.6561840176582336,0.6221619844436646
0.6950772404670715,0.5882999300956726
0.7154737114906311,0.561632513999939
